[{"pk": 5, "model": "contenttypes.contenttype", "fields": {"model": "contenttype", "name": "content type", "app_label": "contenttypes"}}, {"pk": 20, "model": "contenttypes.contenttype", "fields": {"model": "currency", "name": "currency", "app_label": "tms"}}, {"pk": 14, "model": "contenttypes.contenttype", "fields": {"model": "customer", "name": "customer", "app_label": "tms"}}, {"pk": 12, "model": "contenttypes.contenttype", "fields": {"model": "employee", "name": "employee", "app_label": "tms"}}, {"pk": 11, "model": "contenttypes.contenttype", "fields": {"model": "evolution", "name": "evolution", "app_label": "django_evolution"}}, {"pk": 21, "model": "contenttypes.contenttype", "fields": {"model": "expense", "name": "expense", "app_label": "tms"}}, {"pk": 18, "model": "contenttypes.contenttype", "fields": {"model": "expensetype", "name": "expense type", "app_label": "tms"}}, {"pk": 9, "model": "contenttypes.contenttype", "fields": {"model": "flatpage", "name": "flat page", "app_label": "flatpages"}}, {"pk": 2, "model": "contenttypes.contenttype", "fields": {"model": "group", "name": "group", "app_label": "auth"}}, {"pk": 16, "model": "contenttypes.contenttype", "fields": {"model": "job", "name": "job", "app_label": "tms"}}, {"pk": 8, "model": "contenttypes.contenttype", "fields": {"model": "logentry", "name": "log entry", "app_label": "admin"}}, {"pk": 4, "model": "contenttypes.contenttype", "fields": {"model": "message", "name": "message", "app_label": "auth"}}, {"pk": 19, "model": "contenttypes.contenttype", "fields": {"model": "paymentmethod", "name": "payment method", "app_label": "tms"}}, {"pk": 1, "model": "contenttypes.contenttype", "fields": {"model": "permission", "name": "permission", "app_label": "auth"}}, {"pk": 13, "model": "contenttypes.contenttype", "fields": {"model": "project", "name": "project", "app_label": "tms"}}, {"pk": 15, "model": "contenttypes.contenttype", "fields": {"model": "service", "name": "service", "app_label": "tms"}}, {"pk": 6, "model": "contenttypes.contenttype", "fields": {"model": "session", "name": "session", "app_label": "sessions"}}, {"pk": 7, "model": "contenttypes.contenttype", "fields": {"model": "site", "name": "site", "app_label": "sites"}}, {"pk": 17, "model": "contenttypes.contenttype", "fields": {"model": "timesheet", "name": "timesheet", "app_label": "tms"}}, {"pk": 3, "model": "contenttypes.contenttype", "fields": {"model": "user", "name": "user", "app_label": "auth"}}, {"pk": 10, "model": "contenttypes.contenttype", "fields": {"model": "version", "name": "version", "app_label": "django_evolution"}}, {"pk": "0161083cca6ec8cd2970c0cbdb8cb8cc", "model": "sessions.session", "fields": {"expire_date": "2011-04-08 16:53:35", "session_data": "gAJ9cQEuNDk2NDFlNTRlYzZkYTkzMzNjZjJlYTZjN2Q3NzY4M2I=\n"}}, {"pk": "b0042cca957f5c60f2a9cb82de731894", "model": "sessions.session", "fields": {"expire_date": "2011-04-08 17:09:19", "session_data": "gAJ9cQEoVRJfYXV0aF91c2VyX2JhY2tlbmRxAlUpZGphbmdvLmNvbnRyaWIuYXV0aC5iYWNrZW5k\ncy5Nb2RlbEJhY2tlbmRxA1UNX2F1dGhfdXNlcl9pZHEESwF1Ljc3ZGU5YjUyMzE3NTRiYWEzM2Jh\nOTAxMDcxODRkYzFm\n"}}, {"pk": "14e4fb7fb481f2b538da00b3dbbc0a92", "model": "sessions.session", "fields": {"expire_date": "2011-04-08 17:28:09", "session_data": "gAJ9cQEoVRJfYXV0aF91c2VyX2JhY2tlbmRxAlUpZGphbmdvLmNvbnRyaWIuYXV0aC5iYWNrZW5k\ncy5Nb2RlbEJhY2tlbmRxA1UNX2F1dGhfdXNlcl9pZHEESwJ1LjhjMzA2Nzk4Y2UwZWNhZGIzYzll\nMmIyNjVkZDRmNzY5\n"}}, {"pk": "af95957f9d99a78312a678873ae55259", "model": "sessions.session", "fields": {"expire_date": "2011-09-06 16:30:52", "session_data": "gAJ9cQEoVRJfYXV0aF91c2VyX2JhY2tlbmRxAlUpZGphbmdvLmNvbnRyaWIuYXV0aC5iYWNrZW5k\ncy5Nb2RlbEJhY2tlbmRxA1UNX2F1dGhfdXNlcl9pZHEESwF1Ljc3ZGU5YjUyMzE3NTRiYWEzM2Jh\nOTAxMDcxODRkYzFm\n"}}, {"pk": "a915dda25f6bfa57c201ecf487e0e52e", "model": "sessions.session", "fields": {"expire_date": "2011-09-06 20:30:38", "session_data": "gAJ9cQEoVRJfYXV0aF91c2VyX2JhY2tlbmRxAlUpZGphbmdvLmNvbnRyaWIuYXV0aC5iYWNrZW5k\ncy5Nb2RlbEJhY2tlbmRxA1UNX2F1dGhfdXNlcl9pZHEESwF1Ljc3ZGU5YjUyMzE3NTRiYWEzM2Jh\nOTAxMDcxODRkYzFm\n"}}, {"pk": "d0655d2df6a39c504b5dd1e91c4b54d8", "model": "sessions.session", "fields": {"expire_date": "2011-09-06 20:43:19", "session_data": "gAJ9cQEoVRJfYXV0aF91c2VyX2JhY2tlbmRxAlUpZGphbmdvLmNvbnRyaWIuYXV0aC5iYWNrZW5k\ncy5Nb2RlbEJhY2tlbmRxA1UNX2F1dGhfdXNlcl9pZHEESwF1Ljc3ZGU5YjUyMzE3NTRiYWEzM2Jh\nOTAxMDcxODRkYzFm\n"}}, {"pk": "3f683c5f46eae57e60798a585aa05f27", "model": "sessions.session", "fields": {"expire_date": "2011-09-08 22:23:55", "session_data": "gAJ9cQEoVRJfYXV0aF91c2VyX2JhY2tlbmRxAlUpZGphbmdvLmNvbnRyaWIuYXV0aC5iYWNrZW5k\ncy5Nb2RlbEJhY2tlbmRxA1UNX2F1dGhfdXNlcl9pZHEESwF1Ljc3ZGU5YjUyMzE3NTRiYWEzM2Jh\nOTAxMDcxODRkYzFm\n"}}, {"pk": "1910c837886f3536712e6c46164b1557", "model": "sessions.session", "fields": {"expire_date": "2011-09-12 19:34:44", "session_data": "OTc5Y2I0Y2EyNzNiMWVkZWMzMWNmMzE0YjU3M2NlODZiYWE2ZmNiNTqAAn1xAShVEl9hdXRoX3Vz\nZXJfYmFja2VuZHECVSlkamFuZ28uY29udHJpYi5hdXRoLmJhY2tlbmRzLk1vZGVsQmFja2VuZHED\nVQ1fYXV0aF91c2VyX2lkcQRLAXUu\n"}}, {"pk": "b2582f1dcdd5e81653a60d32afc7ef6b", "model": "sessions.session", "fields": {"expire_date": "2011-09-13 04:51:10", "session_data": "gAJ9cQEuNDk2NDFlNTRlYzZkYTkzMzNjZjJlYTZjN2Q3NzY4M2I=\n"}}, {"pk": "da4abd943bb0a00ecac765b931c3aa7f", "model": "sessions.session", "fields": {"expire_date": "2011-09-13 04:51:18", "session_data": "gAJ9cQFVCnRlc3Rjb29raWVxAlUGd29ya2VkcQNzLjRkNDg4NDY3MTkyZWEwMmU3MWYyZmMwOTlm\nZmQ5YzJj\n"}}, {"pk": "8aabe6a3e04cbe3152466a3aad0be846", "model": "sessions.session", "fields": {"expire_date": "2011-09-13 04:51:38", "session_data": "gAJ9cQEuNDk2NDFlNTRlYzZkYTkzMzNjZjJlYTZjN2Q3NzY4M2I=\n"}}, {"pk": "2df7f4edd0235ba7e3306af43c58ce5e", "model": "sessions.session", "fields": {"expire_date": "2011-09-13 04:51:40", "session_data": "gAJ9cQEuNDk2NDFlNTRlYzZkYTkzMzNjZjJlYTZjN2Q3NzY4M2I=\n"}}, {"pk": "81010bf31f2a12f3dc266b726e5c84db", "model": "sessions.session", "fields": {"expire_date": "2011-09-13 04:51:44", "session_data": "gAJ9cQFVCnRlc3Rjb29raWVxAlUGd29ya2VkcQNzLjRkNDg4NDY3MTkyZWEwMmU3MWYyZmMwOTlm\nZmQ5YzJj\n"}}, {"pk": "e5a82ebbbecd45329a5634c397f35044", "model": "sessions.session", "fields": {"expire_date": "2011-09-13 04:51:46", "session_data": "gAJ9cQFVCnRlc3Rjb29raWVxAlUGd29ya2VkcQNzLjRkNDg4NDY3MTkyZWEwMmU3MWYyZmMwOTlm\nZmQ5YzJj\n"}}, {"pk": "c216f3e9df4f6b0fa22baad42429703c", "model": "sessions.session", "fields": {"expire_date": "2011-09-13 04:51:47", "session_data": "gAJ9cQFVCnRlc3Rjb29raWVxAlUGd29ya2VkcQNzLjRkNDg4NDY3MTkyZWEwMmU3MWYyZmMwOTlm\nZmQ5YzJj\n"}}, {"pk": "69c9428f212d08c575b0826cf2257e8b", "model": "sessions.session", "fields": {"expire_date": "2011-09-13 04:51:49", "session_data": "gAJ9cQEoVRJfYXV0aF91c2VyX2JhY2tlbmRxAlUpZGphbmdvLmNvbnRyaWIuYXV0aC5iYWNrZW5k\ncy5Nb2RlbEJhY2tlbmRxA1UNX2F1dGhfdXNlcl9pZHEESwF1Ljc3ZGU5YjUyMzE3NTRiYWEzM2Jh\nOTAxMDcxODRkYzFm\n"}}, {"pk": "23917996a3affb6d7db88353e242fe25", "model": "sessions.session", "fields": {"expire_date": "2011-09-13 04:51:55", "session_data": "gAJ9cQFVCnRlc3Rjb29raWVxAlUGd29ya2VkcQNzLjRkNDg4NDY3MTkyZWEwMmU3MWYyZmMwOTlm\nZmQ5YzJj\n"}}, {"pk": "3e2d8646ef35ace28aafb7ce5fc65b65", "model": "sessions.session", "fields": {"expire_date": "2011-09-13 04:52:00", "session_data": "gAJ9cQFVCnRlc3Rjb29raWVxAlUGd29ya2VkcQNzLjRkNDg4NDY3MTkyZWEwMmU3MWYyZmMwOTlm\nZmQ5YzJj\n"}}, {"pk": "521a11af8277e686ace6a02fcb882c11", "model": "sessions.session", "fields": {"expire_date": "2011-09-13 04:52:00", "session_data": "gAJ9cQFVCnRlc3Rjb29raWVxAlUGd29ya2VkcQNzLjRkNDg4NDY3MTkyZWEwMmU3MWYyZmMwOTlm\nZmQ5YzJj\n"}}, {"pk": 1, "model": "sites.site", "fields": {"domain": "127.0.0.1:8000", "name": "127.0.0.1:8000"}}, {"pk": 17, "model": "admin.logentry", "fields": {"action_flag": 3, "action_time": "2011-08-30 01:49:04", "object_repr": "iurii", "object_id": "3", "change_message": "", "user": 1, "content_type": 3}}, {"pk": 16, "model": "admin.logentry", "fields": {"action_flag": 2, "action_time": "2011-08-23 20:33:27", "object_repr": "127.0.0.1:8000", "object_id": "1", "change_message": "Changed domain and name.", "user": 1, "content_type": 7}}, {"pk": 15, "model": "admin.logentry", "fields": {"action_flag": 1, "action_time": "2011-03-25 17:12:32", "object_repr": "andrew", "object_id": "2", "change_message": "", "user": 1, "content_type": 3}}, {"pk": 14, "model": "admin.logentry", "fields": {"action_flag": 3, "action_time": "2011-03-25 13:11:05", "object_repr": "ADL Web Dev FOO", "object_id": "5", "change_message": "", "user": 1, "content_type": 16}}, {"pk": 13, "model": "admin.logentry", "fields": {"action_flag": 1, "action_time": "2011-03-25 13:10:56", "object_repr": "ADL Web Dev FOO", "object_id": "5", "change_message": "", "user": 1, "content_type": 16}}, {"pk": 12, "model": "admin.logentry", "fields": {"action_flag": 1, "action_time": "2011-03-25 13:09:47", "object_repr": "CC", "object_id": "2", "change_message": "", "user": 1, "content_type": 19}}, {"pk": 11, "model": "admin.logentry", "fields": {"action_flag": 1, "action_time": "2011-03-25 13:09:39", "object_repr": "CASH", "object_id": "1", "change_message": "", "user": 1, "content_type": 19}}, {"pk": 10, "model": "admin.logentry", "fields": {"action_flag": 1, "action_time": "2011-03-25 13:09:10", "object_repr": "TRAVEL", "object_id": "3", "change_message": "", "user": 1, "content_type": 18}}, {"pk": 9, "model": "admin.logentry", "fields": {"action_flag": 1, "action_time": "2011-03-25 13:09:04", "object_repr": "POST", "object_id": "2", "change_message": "", "user": 1, "content_type": 18}}, {"pk": 8, "model": "admin.logentry", "fields": {"action_flag": 1, "action_time": "2011-03-25 13:08:58", "object_repr": "MEALS", "object_id": "1", "change_message": "", "user": 1, "content_type": 18}}, {"pk": 7, "model": "admin.logentry", "fields": {"action_flag": 2, "action_time": "2011-03-25 13:08:33", "object_repr": "ADL", "object_id": "1", "change_message": "Changed customer_name.", "user": 1, "content_type": 14}}, {"pk": 6, "model": "admin.logentry", "fields": {"action_flag": 2, "action_time": "2011-03-25 13:08:28", "object_repr": "FCB", "object_id": "2", "change_message": "Changed customer_name.", "user": 1, "content_type": 14}}, {"pk": 5, "model": "admin.logentry", "fields": {"action_flag": 2, "action_time": "2011-03-25 13:08:13", "object_repr": "AUD", "object_id": "1", "change_message": "Changed currency_name.", "user": 1, "content_type": 20}}, {"pk": 4, "model": "admin.logentry", "fields": {"action_flag": 2, "action_time": "2011-03-25 13:08:04", "object_repr": "USD", "object_id": "2", "change_message": "Changed currency_name.", "user": 1, "content_type": 20}}, {"pk": 3, "model": "admin.logentry", "fields": {"action_flag": 1, "action_time": "2011-03-25 13:07:58", "object_repr": "GBP", "object_id": "3", "change_message": "", "user": 1, "content_type": 20}}, {"pk": 2, "model": "admin.logentry", "fields": {"action_flag": 1, "action_time": "2011-03-25 13:07:05", "object_repr": "USD", "object_id": "2", "change_message": "", "user": 1, "content_type": 20}}, {"pk": 1, "model": "admin.logentry", "fields": {"action_flag": 1, "action_time": "2011-03-25 13:06:57", "object_repr": "AUD", "object_id": "1", "change_message": "", "user": 1, "content_type": 20}}, {"pk": 1, "model": "django_evolution.version", "fields": {"when": "2011-03-25 12:45:36", "signature": "(dp1\nS'saasu_client'\np2\nccopy_reg\n_reconstructor\np3\n(cdjango.utils.datastructures\nSortedDict\np4\nc__builtin__\ndict\np5\n(dtRp6\n(dp7\nS'keyOrder'\np8\n(lp9\nsbsS'pagination'\np10\ng3\n(g4\ng5\n(dtRp11\n(dp12\ng8\n(lp13\nsbsS'uni_form'\np14\ng3\n(g4\ng5\n(dtRp15\n(dp16\ng8\n(lp17\nsbsS'sessions'\np18\ng3\n(g4\ng5\n(dp19\nS'Session'\np20\n(dp21\nS'fields'\np22\n(dp23\nS'session_key'\np24\n(dp25\nS'field_type'\np26\ncdjango.db.models.fields\nCharField\np27\nsS'max_length'\np28\nI40\nsS'primary_key'\np29\nI01\nssS'expire_date'\np30\n(dp31\ng26\ncdjango.db.models.fields\nDateTimeField\np32\nssS'session_data'\np33\n(dp34\ng26\ncdjango.db.models.fields\nTextField\np35\nsssS'meta'\np36\n(dp37\nS'unique_together'\np38\n(lp39\nsS'db_table'\np40\nS'django_session'\np41\nsS'db_tablespace'\np42\nS''\nsS'pk_column'\np43\ng24\nssstRp44\n(dp45\ng8\n(lp46\ng20\nasbsS'admin'\np47\ng3\n(g4\ng5\n(dp48\nS'LogEntry'\np49\n(dp50\ng22\n(dp51\nS'action_flag'\np52\n(dp53\ng26\ncdjango.db.models.fields\nPositiveSmallIntegerField\np54\nssS'action_time'\np55\n(dp56\ng26\ng32\nssS'object_repr'\np57\n(dp58\ng26\ng27\nsg28\nI200\nssS'object_id'\np59\n(dp60\ng26\ng35\nsS'null'\np61\nI01\nssS'change_message'\np62\n(dp63\ng26\ng35\nssS'user'\np64\n(dp65\ng26\ncdjango.db.models.fields.related\nForeignKey\np66\nsS'related_model'\np67\nS'auth.User'\np68\nssS'content_type'\np69\n(dp70\ng26\ng66\nsg61\nI01\nsg67\nS'contenttypes.ContentType'\np71\nssS'id'\np72\n(dp73\ng26\ncdjango.db.models.fields\nAutoField\np74\nsg29\nI01\nsssg36\n(dp75\ng38\n(lp76\nsg40\nS'django_admin_log'\np77\nsg42\nS''\nsg43\ng72\nssstRp78\n(dp79\ng8\n(lp80\ng49\nasbsS'sites'\np81\ng3\n(g4\ng5\n(dp82\nS'Site'\np83\n(dp84\ng22\n(dp85\nS'domain'\np86\n(dp87\ng26\ng27\nsg28\nI100\nssg72\n(dp88\ng26\ng74\nsg29\nI01\nssS'name'\np89\n(dp90\ng26\ng27\nsg28\nI50\nsssg36\n(dp91\ng38\n(lp92\nsg40\nS'django_site'\np93\nsg42\nS''\nsg43\ng72\nssstRp94\n(dp95\ng8\n(lp96\ng83\nasbsS'auth'\np97\ng3\n(g4\ng5\n(dp98\nS'Message'\np99\n(dp100\ng22\n(dp101\nS'message'\np102\n(dp103\ng26\ng35\nssg72\n(dp104\ng26\ng74\nsg29\nI01\nssg64\n(dp105\ng26\ng66\nsg67\nS'auth.User'\np106\nsssg36\n(dp107\ng38\n(lp108\nsg40\nS'auth_message'\np109\nsg42\nS''\nsg43\ng72\nsssS'Group'\np110\n(dp111\ng22\n(dp112\nS'permissions'\np113\n(dp114\ng26\ncdjango.db.models.fields.related\nManyToManyField\np115\nsg67\nS'auth.Permission'\np116\nssg72\n(dp117\ng26\ng74\nsg29\nI01\nssg89\n(dp118\ng28\nI80\nsg26\ng27\nsS'unique'\np119\nI01\nsssg36\n(dp120\ng38\n(lp121\nsg40\nS'auth_group'\np122\nsg42\nS''\nsg43\ng72\nsssS'User'\np123\n(dp124\ng22\n(dp125\nS'username'\np126\n(dp127\ng28\nI30\nsg26\ng27\nsg119\nI01\nssS'first_name'\np128\n(dp129\ng26\ng27\nsg28\nI30\nssS'last_name'\np130\n(dp131\ng26\ng27\nsg28\nI30\nssS'is_active'\np132\n(dp133\ng26\ncdjango.db.models.fields\nBooleanField\np134\nssS'email'\np135\n(dp136\ng26\ncdjango.db.models.fields\nEmailField\np137\nsg28\nI75\nssS'is_superuser'\np138\n(dp139\ng26\ng134\nssS'is_staff'\np140\n(dp141\ng26\ng134\nssS'last_login'\np142\n(dp143\ng26\ng32\nssS'groups'\np144\n(dp145\ng26\ng115\nsg67\nS'auth.Group'\np146\nssS'user_permissions'\np147\n(dp148\ng26\ng115\nsg67\nS'auth.Permission'\np149\nssS'password'\np150\n(dp151\ng26\ng27\nsg28\nI128\nssg72\n(dp152\ng26\ng74\nsg29\nI01\nssS'date_joined'\np153\n(dp154\ng26\ng32\nsssg36\n(dp155\ng38\n(lp156\nsg40\nS'auth_user'\np157\nsg42\nS''\nsg43\ng72\nsssS'Permission'\np158\n(dp159\ng22\n(dp160\nS'codename'\np161\n(dp162\ng26\ng27\nsg28\nI100\nssg72\n(dp163\ng26\ng74\nsg29\nI01\nssg69\n(dp164\ng26\ng66\nsg67\nS'contenttypes.ContentType'\np165\nssg89\n(dp166\ng26\ng27\nsg28\nI50\nsssg36\n(dp167\ng38\n((S'content_type'\nS'codename'\nttp168\nsg40\nS'auth_permission'\np169\nsg42\nS''\nsg43\ng72\nssstRp170\n(dp171\ng8\n(lp172\ng158\nag110\nag123\nag99\nasbsS'tms'\np173\ng3\n(g4\ng5\n(dp174\nS'Customer'\np175\n(dp176\ng22\n(dp177\nS'customer_code'\np178\n(dp179\ng28\nI32\nsg26\ng27\nsg119\nI01\nssS'saasu_contact_uid'\np180\n(dp181\ng26\ng27\nsg28\nI32\nssS'is_billable'\np182\n(dp183\ng26\ng134\nssg72\n(dp184\ng26\ng74\nsg29\nI01\nssS'customer_name'\np185\n(dp186\ng28\nI64\nsg26\ng27\nsg119\nI01\nsssg36\n(dp187\ng38\n(lp188\nsg40\nS'tms_customer'\np189\nsg42\nS''\nsg43\ng72\nsssS'Service'\np190\n(dp191\ng22\n(dp192\nS'saasu_item_uid'\np193\n(dp194\ng26\ng27\nsg28\nI32\nssS'service_name'\np195\n(dp196\ng28\nI64\nsg26\ng27\nsg119\nI01\nssg182\n(dp197\ng26\ng134\nssg72\n(dp198\ng26\ng74\nsg29\nI01\nssS'service_code'\np199\n(dp200\ng28\nI32\nsg26\ng27\nsg119\nI01\nsssg36\n(dp201\ng38\n(lp202\nsg40\nS'tms_service'\np203\nsg42\nS''\nsg43\ng72\nsssS'Timesheet'\np204\n(dp205\ng22\n(dp206\nS'comment'\np207\n(dp208\ng26\ng27\nsg28\nI255\nssS'is_billed'\np209\n(dp210\ng26\ng134\nssS'timestamp'\np211\n(dp212\ng26\ng32\nssS'start_time'\np213\n(dp214\ng26\ng32\nssS'job'\np215\n(dp216\ng26\ng66\nsg67\nS'tms.Job'\np217\nssS'end_time'\np218\n(dp219\ng26\ng32\nssS'employee'\np220\n(dp221\ng26\ng66\nsg67\nS'tms.Employee'\np222\nssS'is_submitted'\np223\n(dp224\ng26\ng134\nssg72\n(dp225\ng26\ng74\nsg29\nI01\nsssg36\n(dp226\ng38\n(lp227\nsg40\nS'tms_timesheet'\np228\nsg42\nS''\nsg43\ng72\nsssS'Project'\np229\n(dp230\ng22\n(dp231\nS'project_name'\np232\n(dp233\ng28\nI64\nsg26\ng27\nsg119\nI01\nssg182\n(dp234\ng26\ng134\nssg72\n(dp235\ng26\ng74\nsg29\nI01\nssS'project_code'\np236\n(dp237\ng28\nI32\nsg26\ng27\nsg119\nI01\nsssg36\n(dp238\ng38\n(lp239\nsg40\nS'tms_project'\np240\nsg42\nS''\nsg43\ng72\nsssS'Currency'\np241\n(dp242\ng22\n(dp243\nS'currency_name'\np244\n(dp245\ng28\nI64\nsg26\ng27\nsg119\nI01\nssg72\n(dp246\ng26\ng74\nsg29\nI01\nssS'currency_code'\np247\n(dp248\ng28\nI32\nsg26\ng27\nsg119\nI01\nssS'currency_symbol'\np249\n(dp250\ng26\ng27\nsg28\nI1\nsssg36\n(dp251\ng38\n(lp252\nsg40\nS'tms_currency'\np253\nsg42\nS''\nsg43\ng72\nsssS'Job'\np254\n(dp255\ng22\n(dp256\nS'customer'\np257\n(dp258\ng26\ng66\nsg67\nS'tms.Customer'\np259\nssS'service'\np260\n(dp261\ng26\ng66\nsg67\nS'tms.Service'\np262\nssg211\n(dp263\ng26\ng32\nssg132\n(dp264\ng26\ng134\nssS'project'\np265\n(dp266\ng26\ng66\nsg67\nS'tms.Project'\np267\nssg72\n(dp268\ng26\ng74\nsg29\nI01\nsssg36\n(dp269\ng38\n(lp270\nsg40\nS'tms_job'\np271\nsg42\nS''\nsg43\ng72\nsssS'Employee'\np272\n(dp273\ng22\n(dp274\ng72\n(dp275\ng26\ng74\nsg29\nI01\nssg64\n(dp276\ng26\ncdjango.db.models.fields.related\nOneToOneField\np277\nsg119\nI01\nsg67\nS'auth.User'\np278\nsssg36\n(dp279\ng38\n(lp280\nsg40\nS'tms_employee'\np281\nsg42\nS''\nsg43\ng72\nsssS'Expense'\np282\n(dp283\ng22\n(dp284\ng257\n(dp285\ng26\ng66\nsg67\nS'tms.Customer'\np286\nssS'is_taxable'\np287\n(dp288\ng26\ng134\nssS'tax_amount'\np289\n(dp290\ng26\ncdjango.db.models.fields\nDecimalField\np291\nsS'max_digits'\np292\nI10\nsS'decimal_places'\np293\nI2\nssg209\n(dp294\ng26\ng134\nssS'expense_amount'\np295\n(dp296\ng26\ng291\nsg292\nI10\nsg293\nI2\nssS'payment_method'\np297\n(dp298\ng26\ng66\nsg67\nS'tms.PaymentMethod'\np299\nssg211\n(dp300\ng26\ng32\nssS'claim_date'\np301\n(dp302\ng26\ncdjango.db.models.fields\nDateField\np303\nssg207\n(dp304\ng26\ng27\nsg28\nI255\nssS'expense_type'\np305\n(dp306\ng26\ng66\nsg67\nS'tms.ExpenseType'\np307\nssg223\n(dp308\ng26\ng134\nssS'currency'\np309\n(dp310\ng26\ng66\nsg67\nS'tms.Currency'\np311\nssS'expense_date'\np312\n(dp313\ng26\ng303\nssg220\n(dp314\ng26\ng66\nsg67\nS'tms.Employee'\np315\nssS'is_receipted'\np316\n(dp317\ng26\ng134\nssS'local_amount'\np318\n(dp319\ng26\ng291\nsg292\nI10\nsg293\nI2\nssg72\n(dp320\ng26\ng74\nsg29\nI01\nsssg36\n(dp321\ng38\n(lp322\nsg40\nS'tms_expense'\np323\nsg42\nS''\nsg43\ng72\nsssS'PaymentMethod'\np324\n(dp325\ng22\n(dp326\nS'payment_method_code'\np327\n(dp328\ng28\nI32\nsg26\ng27\nsg119\nI01\nssg72\n(dp329\ng26\ng74\nsg29\nI01\nssS'payment_method_name'\np330\n(dp331\ng28\nI64\nsg26\ng27\nsg119\nI01\nsssg36\n(dp332\ng38\n(lp333\nsg40\nS'tms_paymentmethod'\np334\nsg42\nS''\nsg43\ng72\nsssS'ExpenseType'\np335\n(dp336\ng22\n(dp337\nS'expense_type_name'\np338\n(dp339\ng28\nI64\nsg26\ng27\nsg119\nI01\nssS'expense_type_code'\np340\n(dp341\ng28\nI32\nsg26\ng27\nsg119\nI01\nssg72\n(dp342\ng26\ng74\nsg29\nI01\nssS'saasu_account_uid'\np343\n(dp344\ng26\ng27\nsg28\nI32\nsssg36\n(dp345\ng38\n(lp346\nsg40\nS'tms_expensetype'\np347\nsg42\nS''\nsg43\ng72\nssstRp348\n(dp349\ng8\n(lp350\ng272\nag229\nag175\nag190\nag254\nag204\nag335\nag324\nag241\nag282\nasbsS'staticfiles'\np351\ng3\n(g4\ng5\n(dtRp352\n(dp353\ng8\n(lp354\nsbsS'contenttypes'\np355\ng3\n(g4\ng5\n(dp356\nS'ContentType'\np357\n(dp358\ng22\n(dp359\nS'model'\np360\n(dp361\ng26\ng27\nsg28\nI100\nssS'app_label'\np362\n(dp363\ng26\ng27\nsg28\nI100\nssg72\n(dp364\ng26\ng74\nsg29\nI01\nssg89\n(dp365\ng26\ng27\nsg28\nI100\nsssg36\n(dp366\ng38\n((S'app_label'\nS'model'\nttp367\nsg40\nS'django_content_type'\np368\nsg42\nS''\nsg43\ng72\nssstRp369\n(dp370\ng8\n(lp371\ng357\nasbsS'flatpages'\np372\ng3\n(g4\ng5\n(dp373\nS'FlatPage'\np374\n(dp375\ng22\n(dp376\nS'registration_required'\np377\n(dp378\ng26\ng134\nssS'title'\np379\n(dp380\ng26\ng27\nsg28\nI200\nssS'url'\np381\n(dp382\ng26\ng27\nsg28\nI100\nsS'db_index'\np383\nI01\nssS'template_name'\np384\n(dp385\ng26\ng27\nsg28\nI70\nssS'sites'\np386\n(dp387\ng26\ng115\nsg67\nS'sites.Site'\np388\nssS'content'\np389\n(dp390\ng26\ng35\nssS'enable_comments'\np391\n(dp392\ng26\ng134\nssg72\n(dp393\ng26\ng74\nsg29\nI01\nsssg36\n(dp394\ng38\n(lp395\nsg40\nS'django_flatpage'\np396\nsg42\nS''\nsg43\ng72\nssstRp397\n(dp398\ng8\n(lp399\ng374\nasbsS'django_evolution'\np400\ng3\n(g4\ng5\n(dp401\nS'Evolution'\np402\n(dp403\ng22\n(dp404\nS'label'\np405\n(dp406\ng26\ng27\nsg28\nI100\nssS'version'\np407\n(dp408\ng26\ng66\nsg67\nS'django_evolution.Version'\np409\nssg72\n(dp410\ng26\ng74\nsg29\nI01\nssg362\n(dp411\ng26\ng27\nsg28\nI200\nsssg36\n(dp412\ng38\n(lp413\nsg40\nS'django_evolution'\np414\nsg42\nS''\nsg43\ng72\nsssS'Version'\np415\n(dp416\ng22\n(dp417\nS'when'\np418\n(dp419\ng26\ng32\nssg72\n(dp420\ng26\ng74\nsg29\nI01\nssS'signature'\np421\n(dp422\ng26\ng35\nsssg36\n(dp423\ng38\n(lp424\nsg40\nS'django_project_version'\np425\nsg42\nS''\nsg43\ng72\nssstRp426\n(dp427\ng8\n(lp428\ng415\nag402\nasbsS'__version__'\np429\nI1\ns."}}, {"pk": 1, "model": "tms.employee", "fields": {"user": 1}}, {"pk": 1, "model": "tms.project", "fields": {"project_name": "Maintenance", "project_code": "Maintenance", "is_billable": true}}, {"pk": 2, "model": "tms.project", "fields": {"project_name": "foo project", "project_code": "FOO", "is_billable": true}}, {"pk": 1, "model": "tms.customer", "fields": {"customer_code": "ADL", "saasu_contact_uid": "", "is_billable": false, "customer_name": "Adlibre Internal"}}, {"pk": 2, "model": "tms.customer", "fields": {"customer_code": "FCB", "saasu_contact_uid": "", "is_billable": true, "customer_name": "FCB Group"}}, {"pk": 3, "model": "tms.customer", "fields": {"customer_code": "PI", "saasu_contact_uid": "", "is_billable": true, "customer_name": "PeopleInsite"}}, {"pk": 1, "model": "tms.service", "fields": {"saasu_item_uid": "", "service_name": "Website Development", "is_billable": true, "service_code": "Web Dev"}}, {"pk": 2, "model": "tms.service", "fields": {"saasu_item_uid": "", "service_name": "Network & Server Administration", "is_billable": true, "service_code": "Network & Server"}}, {"pk": 1, "model": "tms.job", "fields": {"customer": 1, "project": 1, "is_active": true, "service": 1, "timestamp": "2010-03-30 22:40:02"}}, {"pk": 2, "model": "tms.job", "fields": {"customer": 1, "project": 1, "is_active": true, "service": 2, "timestamp": "2010-03-30 22:50:41"}}, {"pk": 3, "model": "tms.job", "fields": {"customer": 2, "project": 1, "is_active": true, "service": 1, "timestamp": "2010-03-30 22:51:56"}}, {"pk": 4, "model": "tms.job", "fields": {"customer": 3, "project": 1, "is_active": true, "service": 2, "timestamp": "2010-03-30 22:52:05"}}, {"pk": 1, "model": "tms.timesheet", "fields": {"comment": "A good timesheet entry", "is_billed": false, "timestamp": "2010-04-11 15:25:08", "start_time": "2010-03-30 22:53:02", "job": 1, "end_time": "2010-03-30 22:53:03", "employee": 1, "is_submitted": false}}, {"pk": 5, "model": "tms.timesheet", "fields": {"comment": "some big text data which might go out of this bounds of this entire form sritten to test it's text layout", "is_billed": false, "timestamp": "2011-08-25 18:08:26", "start_time": "2011-08-25 11:08:00", "job": 3, "end_time": "2011-08-25 18:00:00", "employee": 1, "is_submitted": false}}, {"pk": 7, "model": "tms.timesheet", "fields": {"comment": "network server bla bla bla", "is_billed": false, "timestamp": "2011-08-25 18:38:35", "start_time": "2011-08-25 11:38:00", "job": 2, "end_time": "2011-08-25 18:38:00", "employee": 1, "is_submitted": false}}, {"pk": 6, "model": "tms.timesheet", "fields": {"comment": "test job for srver maintanance", "is_billed": false, "timestamp": "2011-08-25 18:09:26", "start_time": "2011-08-25 18:00:00", "job": 4, "end_time": "2011-08-25 18:00:00", "employee": 1, "is_submitted": false}}, {"pk": 9, "model": "tms.timesheet", "fields": {"comment": "bla bla vdfdt", "is_billed": false, "timestamp": "2011-08-25 18:39:20", "start_time": "2011-08-25 18:38:00", "job": 3, "end_time": "2011-08-25 18:38:00", "employee": 1, "is_submitted": false}}, {"pk": 10, "model": "tms.timesheet", "fields": {"comment": "nedd more entries", "is_billed": false, "timestamp": "2011-08-25 18:39:38", "start_time": "2011-08-25 18:38:00", "job": 3, "end_time": "2011-08-25 18:38:00", "employee": 1, "is_submitted": false}}, {"pk": 12, "model": "tms.timesheet", "fields": {"comment": "I WANT TO SEEE PAGINATOR!!!!", "is_billed": false, "timestamp": "2011-08-25 18:40:05", "start_time": "2011-08-25 18:38:00", "job": 1, "end_time": "2011-08-25 18:38:00", "employee": 1, "is_submitted": false}}, {"pk": 13, "model": "tms.timesheet", "fields": {"comment": "How much more to enter", "is_billed": false, "timestamp": "2011-08-25 18:40:19", "start_time": "2011-08-25 18:38:00", "job": 2, "end_time": "2011-08-25 18:38:00", "employee": 1, "is_submitted": false}}, {"pk": 14, "model": "tms.timesheet", "fields": {"comment": "ergetgeghetgh", "is_billed": false, "timestamp": "2011-08-25 18:40:27", "start_time": "2011-08-25 18:38:00", "job": 3, "end_time": "2011-08-25 18:38:00", "employee": 1, "is_submitted": false}}, {"pk": 15, "model": "tms.timesheet", "fields": {"comment": "I need 15 entries", "is_billed": false, "timestamp": "2011-08-25 18:41:00", "start_time": "2011-08-25 18:38:00", "job": 3, "end_time": "2011-08-25 18:38:00", "employee": 1, "is_submitted": false}}, {"pk": 16, "model": "tms.timesheet", "fields": {"comment": "more", "is_billed": false, "timestamp": "2011-08-25 18:41:11", "start_time": "2011-08-25 18:38:00", "job": 3, "end_time": "2011-08-25 18:38:00", "employee": 1, "is_submitted": false}}, {"pk": 17, "model": "tms.timesheet", "fields": {"comment": "dfgbfsgnfgn", "is_billed": false, "timestamp": "2011-08-25 18:41:18", "start_time": "2011-08-25 18:38:00", "job": 1, "end_time": "2011-08-25 18:38:00", "employee": 1, "is_submitted": false}}, {"pk": 18, "model": "tms.timesheet", "fields": {"comment": "fgfgnfghmfhmfghsm", "is_billed": false, "timestamp": "2011-08-25 18:41:24", "start_time": "2011-08-25 18:38:00", "job": 2, "end_time": "2011-08-25 18:38:00", "employee": 1, "is_submitted": false}}, {"pk": 19, "model": "tms.timesheet", "fields": {"comment": "ffrrssrn", "is_billed": false, "timestamp": "2011-08-25 18:41:30", "start_time": "2011-08-25 18:38:00", "job": 3, "end_time": "2011-08-25 18:38:00", "employee": 1, "is_submitted": false}}, {"pk": 4, "model": "tms.timesheet", "fields": {"comment": "some dodgy test NEWLY EDITED", "is_billed": false, "timestamp": "2011-08-26 18:08:18", "start_time": "2011-08-26 16:34:00", "job": 2, "end_time": "2011-08-26 16:34:00", "employee": 1, "is_submitted": false}}, {"pk": 8, "model": "tms.timesheet", "fields": {"comment": "testing", "is_billed": false, "timestamp": "2011-08-26 18:25:44", "start_time": "2011-08-26 18:38:00", "job": 1, "end_time": "2011-08-26 18:38:00", "employee": 1, "is_submitted": false}}, {"pk": 11, "model": "tms.timesheet", "fields": {"comment": "ergaerlkgaengl;kerg WHATS GOING ON?", "is_billed": false, "timestamp": "2011-08-26 18:08:40", "start_time": "2011-08-26 18:38:00", "job": 4, "end_time": "2011-08-26 18:38:00", "employee": 1, "is_submitted": false}}, {"pk": 21, "model": "tms.timesheet", "fields": {"comment": "network maintanance job", "is_billed": false, "timestamp": "2011-08-30 04:52:55", "start_time": "2011-08-30 00:50:00", "job": 4, "end_time": "2011-08-30 00:55:00", "employee": 1, "is_submitted": false}}, {"pk": 20, "model": "tms.timesheet", "fields": {"comment": "some test timesheet", "is_billed": false, "timestamp": "2011-08-30 04:52:32", "start_time": "2011-09-01 00:50:00", "job": 1, "end_time": "2011-09-01 13:50:00", "employee": 1, "is_submitted": false}}, {"pk": 1, "model": "tms.expensetype", "fields": {"expense_type_name": "Meals", "expense_type_code": "MEALS", "saasu_account_uid": ""}}, {"pk": 2, "model": "tms.expensetype", "fields": {"expense_type_name": "Postage", "expense_type_code": "POST", "saasu_account_uid": ""}}, {"pk": 3, "model": "tms.expensetype", "fields": {"expense_type_name": "Travel", "expense_type_code": "TRAVEL", "saasu_account_uid": ""}}, {"pk": 1, "model": "tms.paymentmethod", "fields": {"payment_method_code": "CASH", "payment_method_name": "Cash"}}, {"pk": 2, "model": "tms.paymentmethod", "fields": {"payment_method_code": "CC", "payment_method_name": "Credit Card"}}, {"pk": 1, "model": "tms.currency", "fields": {"currency_name": "Australian Dollar", "currency_code": "AUD", "currency_symbol": "$"}}, {"pk": 2, "model": "tms.currency", "fields": {"currency_name": "US Dollar", "currency_code": "USD", "currency_symbol": "$"}}, {"pk": 3, "model": "tms.currency", "fields": {"currency_name": "British Pound Sterling", "currency_code": "GBP", "currency_symbol": "\u00a3"}}, {"pk": 22, "model": "auth.permission", "fields": {"codename": "add_logentry", "name": "Can add log entry", "content_type": 8}}, {"pk": 23, "model": "auth.permission", "fields": {"codename": "change_logentry", "name": "Can change log entry", "content_type": 8}}, {"pk": 24, "model": "auth.permission", "fields": {"codename": "delete_logentry", "name": "Can delete log entry", "content_type": 8}}, {"pk": 4, "model": "auth.permission", "fields": {"codename": "add_group", "name": "Can add group", "content_type": 2}}, {"pk": 5, "model": "auth.permission", "fields": {"codename": "change_group", "name": "Can change group", "content_type": 2}}, {"pk": 6, "model": "auth.permission", "fields": {"codename": "delete_group", "name": "Can delete group", "content_type": 2}}, {"pk": 10, "model": "auth.permission", "fields": {"codename": "add_message", "name": "Can add message", "content_type": 4}}, {"pk": 11, "model": "auth.permission", "fields": {"codename": "change_message", "name": "Can change message", "content_type": 4}}, {"pk": 12, "model": "auth.permission", "fields": {"codename": "delete_message", "name": "Can delete message", "content_type": 4}}, {"pk": 1, "model": "auth.permission", "fields": {"codename": "add_permission", "name": "Can add permission", "content_type": 1}}, {"pk": 2, "model": "auth.permission", "fields": {"codename": "change_permission", "name": "Can change permission", "content_type": 1}}, {"pk": 3, "model": "auth.permission", "fields": {"codename": "delete_permission", "name": "Can delete permission", "content_type": 1}}, {"pk": 7, "model": "auth.permission", "fields": {"codename": "add_user", "name": "Can add user", "content_type": 3}}, {"pk": 8, "model": "auth.permission", "fields": {"codename": "change_user", "name": "Can change user", "content_type": 3}}, {"pk": 9, "model": "auth.permission", "fields": {"codename": "delete_user", "name": "Can delete user", "content_type": 3}}, {"pk": 13, "model": "auth.permission", "fields": {"codename": "add_contenttype", "name": "Can add content type", "content_type": 5}}, {"pk": 14, "model": "auth.permission", "fields": {"codename": "change_contenttype", "name": "Can change content type", "content_type": 5}}, {"pk": 15, "model": "auth.permission", "fields": {"codename": "delete_contenttype", "name": "Can delete content type", "content_type": 5}}, {"pk": 31, "model": "auth.permission", "fields": {"codename": "add_evolution", "name": "Can add evolution", "content_type": 11}}, {"pk": 32, "model": "auth.permission", "fields": {"codename": "change_evolution", "name": "Can change evolution", "content_type": 11}}, {"pk": 33, "model": "auth.permission", "fields": {"codename": "delete_evolution", "name": "Can delete evolution", "content_type": 11}}, {"pk": 28, "model": "auth.permission", "fields": {"codename": "add_version", "name": "Can add version", "content_type": 10}}, {"pk": 29, "model": "auth.permission", "fields": {"codename": "change_version", "name": "Can change version", "content_type": 10}}, {"pk": 30, "model": "auth.permission", "fields": {"codename": "delete_version", "name": "Can delete version", "content_type": 10}}, {"pk": 25, "model": "auth.permission", "fields": {"codename": "add_flatpage", "name": "Can add flat page", "content_type": 9}}, {"pk": 26, "model": "auth.permission", "fields": {"codename": "change_flatpage", "name": "Can change flat page", "content_type": 9}}, {"pk": 27, "model": "auth.permission", "fields": {"codename": "delete_flatpage", "name": "Can delete flat page", "content_type": 9}}, {"pk": 58, "model": "auth.permission", "fields": {"codename": "add_currency", "name": "Can add currency", "content_type": 20}}, {"pk": 59, "model": "auth.permission", "fields": {"codename": "change_currency", "name": "Can change currency", "content_type": 20}}, {"pk": 60, "model": "auth.permission", "fields": {"codename": "delete_currency", "name": "Can delete currency", "content_type": 20}}, {"pk": 40, "model": "auth.permission", "fields": {"codename": "add_customer", "name": "Can add customer", "content_type": 14}}, {"pk": 41, "model": "auth.permission", "fields": {"codename": "change_customer", "name": "Can change customer", "content_type": 14}}, {"pk": 42, "model": "auth.permission", "fields": {"codename": "delete_customer", "name": "Can delete customer", "content_type": 14}}, {"pk": 34, "model": "auth.permission", "fields": {"codename": "add_employee", "name": "Can add employee", "content_type": 12}}, {"pk": 35, "model": "auth.permission", "fields": {"codename": "change_employee", "name": "Can change employee", "content_type": 12}}, {"pk": 36, "model": "auth.permission", "fields": {"codename": "delete_employee", "name": "Can delete employee", "content_type": 12}}, {"pk": 61, "model": "auth.permission", "fields": {"codename": "add_expense", "name": "Can add expense", "content_type": 21}}, {"pk": 62, "model": "auth.permission", "fields": {"codename": "change_expense", "name": "Can change expense", "content_type": 21}}, {"pk": 63, "model": "auth.permission", "fields": {"codename": "delete_expense", "name": "Can delete expense", "content_type": 21}}, {"pk": 52, "model": "auth.permission", "fields": {"codename": "add_expensetype", "name": "Can add expense type", "content_type": 18}}, {"pk": 53, "model": "auth.permission", "fields": {"codename": "change_expensetype", "name": "Can change expense type", "content_type": 18}}, {"pk": 54, "model": "auth.permission", "fields": {"codename": "delete_expensetype", "name": "Can delete expense type", "content_type": 18}}, {"pk": 46, "model": "auth.permission", "fields": {"codename": "add_job", "name": "Can add job", "content_type": 16}}, {"pk": 47, "model": "auth.permission", "fields": {"codename": "change_job", "name": "Can change job", "content_type": 16}}, {"pk": 48, "model": "auth.permission", "fields": {"codename": "delete_job", "name": "Can delete job", "content_type": 16}}, {"pk": 55, "model": "auth.permission", "fields": {"codename": "add_paymentmethod", "name": "Can add payment method", "content_type": 19}}, {"pk": 56, "model": "auth.permission", "fields": {"codename": "change_paymentmethod", "name": "Can change payment method", "content_type": 19}}, {"pk": 57, "model": "auth.permission", "fields": {"codename": "delete_paymentmethod", "name": "Can delete payment method", "content_type": 19}}, {"pk": 37, "model": "auth.permission", "fields": {"codename": "add_project", "name": "Can add project", "content_type": 13}}, {"pk": 38, "model": "auth.permission", "fields": {"codename": "change_project", "name": "Can change project", "content_type": 13}}, {"pk": 39, "model": "auth.permission", "fields": {"codename": "delete_project", "name": "Can delete project", "content_type": 13}}, {"pk": 43, "model": "auth.permission", "fields": {"codename": "add_service", "name": "Can add service", "content_type": 15}}, {"pk": 44, "model": "auth.permission", "fields": {"codename": "change_service", "name": "Can change service", "content_type": 15}}, {"pk": 45, "model": "auth.permission", "fields": {"codename": "delete_service", "name": "Can delete service", "content_type": 15}}, {"pk": 49, "model": "auth.permission", "fields": {"codename": "add_timesheet", "name": "Can add timesheet", "content_type": 17}}, {"pk": 50, "model": "auth.permission", "fields": {"codename": "change_timesheet", "name": "Can change timesheet", "content_type": 17}}, {"pk": 51, "model": "auth.permission", "fields": {"codename": "delete_timesheet", "name": "Can delete timesheet", "content_type": 17}}, {"pk": 16, "model": "auth.permission", "fields": {"codename": "add_session", "name": "Can add session", "content_type": 6}}, {"pk": 17, "model": "auth.permission", "fields": {"codename": "change_session", "name": "Can change session", "content_type": 6}}, {"pk": 18, "model": "auth.permission", "fields": {"codename": "delete_session", "name": "Can delete session", "content_type": 6}}, {"pk": 19, "model": "auth.permission", "fields": {"codename": "add_site", "name": "Can add site", "content_type": 7}}, {"pk": 20, "model": "auth.permission", "fields": {"codename": "change_site", "name": "Can change site", "content_type": 7}}, {"pk": 21, "model": "auth.permission", "fields": {"codename": "delete_site", "name": "Can delete site", "content_type": 7}}, {"pk": 1, "model": "auth.user", "fields": {"username": "admin", "first_name": "", "last_name": "", "is_active": true, "is_superuser": true, "is_staff": true, "last_login": "2011-08-30 04:51:49", "groups": [], "user_permissions": [], "password": "sha1$29f5a$d26d1831beda7ace7208347132d7492c483c06dc", "email": "andrew@adlibre.com.au", "date_joined": "2011-03-25 12:45:36"}}, {"pk": 2, "model": "auth.user", "fields": {"username": "andrew", "first_name": "", "last_name": "", "is_active": true, "is_superuser": false, "is_staff": false, "last_login": "2011-03-25 17:28:09", "groups": [], "user_permissions": [], "password": "sha1$c4a2c$1f165791eb5b5faaa9fb929e9d8c9cf5383ef180", "email": "", "date_joined": "2011-03-25 17:12:32"}}]
